bbox,bbox_conf,gender
"[284, 79, 313, 114]",0.9998537302017212,undef
"[20, 73, 49, 108]",0.9994722008705139,undef
"[106, 102, 130, 132]",0.9992293119430542,undef
"[201, 78, 228, 111]",0.9991461038589478,undef
