bbox,bbox_conf,gender
"[52, 53, 124, 144]",0.9998805522918701,undef
"[301, 38, 352, 116]",0.9997716546058655,undef
"[241, 70, 294, 132]",0.9995912909507751,undef
"[141, 56, 218, 154]",0.999527096748352,undef
"[2, 19, 33, 93]",0.9424959421157837,undef
