bbox,bbox_conf,gender
"[81, 80, 106, 108]",0.9976039528846741,undef
"[268, 73, 290, 105]",0.9974116683006287,undef
"[135, 87, 158, 112]",0.9765888452529907,undef
"[293, 96, 311, 126]",0.8087992072105408,undef
