bbox,bbox_conf,gender
"[88, 76, 117, 104]",0.9944933652877808,undef
"[211, 82, 235, 110]",0.9879741668701172,undef
"[148, 83, 173, 107]",0.9456003308296204,undef
"[306, 123, 324, 150]",0.8825289607048035,undef
