bbox,bbox_conf,gender
"[252, 61, 268, 83]",0.9914382696151733,undef
"[102, 54, 120, 78]",0.9859077334403992,undef
"[168, 46, 183, 72]",0.9571767449378967,undef
