bbox,bbox_conf,gender
"[144, 66, 192, 124]",0.9997112154960632,undef
"[300, 78, 314, 96]",0.9962559938430786,undef
"[40, 95, 50, 109]",0.9313682913780212,undef
