bbox,bbox_conf,gender
"[53, 82, 85, 118]",0.9999488592147827,undef
"[154, 71, 201, 130]",0.99944669008255,undef
