bbox,bbox_conf,gender
"[144, 67, 192, 124]",0.9997039437294006,undef
"[297, 78, 311, 96]",0.9941447377204895,undef
"[37, 94, 47, 108]",0.9186457395553589,undef
