bbox,bbox_conf,gender
"[144, 66, 192, 124]",0.9997374415397644,undef
"[299, 78, 313, 96]",0.9970588684082031,undef
"[44, 96, 55, 109]",0.9569580554962158,undef
