bbox,bbox_conf,gender
"[144, 67, 191, 124]",0.9997109770774841,undef
"[301, 78, 315, 96]",0.9919843077659607,undef
"[41, 97, 53, 111]",0.9541577100753784,undef
