bbox,bbox_conf,gender
"[135, 54, 227, 168]",0.9997549653053284,undef
"[-1, 76, 47, 164]",0.9893948435783386,undef
