{
    "train": {
        "age": {
            "losses": [
                1.8503377276580621,
                1.48167826921903,
                1.1640788140278233,
                1.040294222846579,
                0.9578474850273925,
                0.9275661605394376,
                0.7861931152576448,
                0.6897801446354934,
                0.5374866477976651,
                0.5015808578131933
            ],
            "accs": [
                0.6409783110290724,
                0.6038301799723119,
                0.6361329026303646,
                0.6310567604983849,
                0.6262113520996769,
                0.65089986155976,
                0.6723580987540378,
                0.6949700046146746,
                0.733502538071066,
                0.7279649284725427
            ]
        },
        "gender": {
            "losses": [
                0.4816822049031348,
                0.29364136773551397,
                0.21418206849108382,
                0.1604982008598831,
                0.14339115492093588,
                0.10884522686505722,
                0.10190338711716307,
                0.08304601445163196,
                0.07728623828088266,
                0.06342147651212707
            ],
            "accs": [
                0.7593447161975081,
                0.8728657129672358,
                0.9123211813567144,
                0.9372404245500692,
                0.9427780341485925,
                0.9591601292108907,
                0.9623904014766959,
                0.9700046146746655,
                0.9739270881402861,
                0.9790032302722658
            ]
        }
    },
    "valid": {
        "age": {
            "losses": [
                0.6026288437324357,
                0.6348258869367128,
                0.8008297826431777,
                0.4782546490678867,
                0.6947997009784709,
                0.6751021948880331,
                0.328496382212822,
                0.39380461170258196,
                0.45506909051755023,
                0.31758691795723615
            ],
            "accs": [
                0.8962868117797695,
                0.8361075544174136,
                0.25416133162612037,
                0.6235595390524968,
                0.3713188220230474,
                0.5985915492957746,
                0.7797695262483995,
                0.5921895006402048,
                0.6049935979513444,
                0.9142125480153649
            ]
        },
        "gender": {
            "losses": [
                0.5554014690859522,
                0.37620318419611254,
                0.4649310362037562,
                0.413794853246357,
                0.32277962522015985,
                0.3333966618716221,
                0.45458155258936706,
                0.3553477590152381,
                0.48375149594474387,
                0.4344133058104965
            ],
            "accs": [
                0.7330345710627401,
                0.8329065300896287,
                0.7925736235595391,
                0.8335467349551856,
                0.8706786171574904,
                0.8591549295774648,
                0.8431498079385403,
                0.854673495518566,
                0.8386683738796414,
                0.8245838668373879
            ]
        }
    }
}